round,slice,frame,object_ref,cell,what,why,severity,owner,rule_id,evidence,action,rules_version,note
calib,C0,adasind_019560.jpg,L4,na,SPURIOUS,E1_annotator_error,P1,annotator,R03,"Box L4 Bike tại x=594.4,y=784.8,w=39.0,h=57.6 nằm bên trong vùng Bike lớn L2/R1; không nên tạo thêm một box Bike riêng cho rider hoặc một phần của cùng phương tiện.",rework,v1.0.0,"Đây là lỗi tách rider khỏi xe hai bánh; R03 quy định rider + xe hai bánh là một box Bike duy nhất."
calib,C0,adasind_019560.jpg,L5,na,SPURIOUS,E1_annotator_error,P1,annotator,R03,"Box L5 Pedestrian tại x=464.0,y=728.2,w=72.6,h=96.2 nằm trong vùng của R2 Bike tại x=427.0,y=736.0,w=108.0,h=174.0; đối tượng đang thuộc cùng phương tiện hai bánh.",rework,v1.0.0,"Không tách người lái thành Pedestrian khi người đó đang ngồi trên xe hai bánh."
calib,C0,adasind_019560.jpg,R5,na,MISSING,E1_annotator_error,P1,annotator,R01;R04,"Reference có R5 ThreeWheeler tại x=327.0,y=721.0,w=130.0,h=128.0; chiều cao 128 px lớn hơn ngưỡng H=40 px nhưng phía L không có box tương ứng.",rework,v1.0.0,"Đây là một vật đủ kích thước để phải gán nhãn theo R01; class ThreeWheeler theo R04."
r2_qa,B1-center,adasind_036720.jpg,L4,L_only,ATTRIBUTE,,P2,qa,R05,"Box L4 ThreeWheeler có x=660.0 và width=420.0, nên chạm đúng biên phải của frame tại x=1080.",rework,v1.0.0,"Ghi nhận tại r2_qa; cần kiểm tra truncated/occluded trên ảnh gốc theo R05 trước khi quyết định sửa attribute."
r2_qa,B1-center,adasind_056040.jpg,L3,L_only,ATTRIBUTE,,P2,qa,R05,"Box L3 Bike bắt đầu tại x=0.0 và chạm đúng biên trái của frame.",rework,v1.0.0,"Ghi nhận tại r2_qa; cần kiểm tra truncated/occluded trên ảnh gốc theo R05 trước khi quyết định sửa attribute."
r2_qa,B1-center,adasind_056040.jpg,L4,L_only,ATTRIBUTE,,P2,qa,R05,"Box L4 ThreeWheeler có x=595.1 và width=484.9, nên chạm đúng biên phải của frame tại x=1080.",rework,v1.0.0,"Ghi nhận tại r2_qa; cần kiểm tra truncated/occluded trên ảnh gốc theo R05 trước khi quyết định sửa attribute."
r1_craft,B1-center,adasind_006840.jpg,L1,na,IGNORE_SCOPE,E5_unresolved,P0,qa,R09,"L1 ThreeWheeler bị báo IGNORE_SCOPE trong compare, nghĩa là box nằm trong vùng ignore_region và không được tính như một false positive thông thường.",rework,v1.0.0,"Cần kiểm tra lại ignore_region và box L1 trên ảnh gốc để xác định bên nào sai; R09 không cho phép box nằm ≥50% trong ignore_region."
r1_craft,B1-center,adasind_006840.jpg,L2+R4,na,WRONG_CLASS,E1_annotator_error,P1,annotator,R04,"L2 được gán Car trong khi R4 ở cùng vị trí được gán ThreeWheeler; hai box chồng lên cùng một phương tiện.",rework,v1.0.0,"Hai annotation mô tả cùng vùng; sai khác chính là class."
r1_craft,B1-center,adasind_056040.jpg,L3+R2,na,ATTRIBUTE,E1_annotator_error,P2,annotator,R05,"L3 Bike và R2 Bike cùng trỏ tới một đối tượng ở biên trái nhưng compare báo khác attribute; L3 hiện có x=0 nên cần kiểm tra truncated theo R05.",rework,v1.0.0,"Khác biệt này không làm đổi class hay identity của object; tập trung kiểm attribute."
r1_craft,B1-center,adasind_056040.jpg,L7,na,SPURIOUS,E0_reference_defect,P1,data_ops,R01,"Compare L/R báo L7 SPURIOUS, nhưng model_compare cho thấy L7 đi cùng M4 trong cell LM_noR; cả annotation và model đều phát hiện cùng vùng Pedestrian trong khi reference không có box.",escalate,v1.0.0,"Chẩn đoán E0 cần xác minh bằng ảnh; không coi reference là đúng tuyệt đối."
r3_diag,B1-center,adasind_006840.jpg,L3+R7,LR_noM,MISSING,E4_model_domain,P1,ai_team,R01,"L3 Pedestrian và R7 Pedestrian cùng được L/R xác nhận nhưng model không có box tương ứng; đây là một ca model bỏ sót. Nhiều ca LR_noM tương tự xuất hiện ở các frame khác.",keep_with_reason,v1.0.0,"E4 là chẩn đoán theo nhiều ca model bỏ sót, không phải kết luận từ một box đơn lẻ."
r3_diag,B1-center,adasind_006840.jpg,L4+R1,LR_noM,MISSING,E4_model_domain,P1,ai_team,R01,"L4 ThreeWheeler và R1 ThreeWheeler cùng xác nhận một đối tượng lớn ở center nhưng model không có box tương ứng.",keep_with_reason,v1.0.0,"Đối tượng lớn ở center vẫn bị model bỏ sót."
r3_diag,B1-center,adasind_006840.jpg,L9+R6,LR_noM,MISSING,E4_model_domain,P1,ai_team,R01,"L9 ThreeWheeler và R6 ThreeWheeler được L/R xác nhận nhưng model không có box tương ứng.",keep_with_reason,v1.0.0,"Lỗi bỏ sót lặp lại trên cùng frame."
r3_diag,B1-center,adasind_006840.jpg,L2+R4,na,WRONG_CLASS,E1_annotator_error,P1,annotator,R04,"L2 Car và R4 ThreeWheeler nằm tại cùng vùng và mô tả cùng một phương tiện; khác biệt giữa hai annotation là class.",rework,v1.0.0,"Đây là một lỗi sai class của annotation L; không cần tạo hoặc xóa thêm object."
r3_diag,B1-center,adasind_006840.jpg,M3,M_only,WRONG_CLASS,E4_model_domain,P1,ai_team,R03,"M3 Pedestrian tại x=89.0..140.8,y=805.7..914.5 chồng lên vùng Bike L6/R5; model phát hiện vùng này nhưng dùng class Pedestrian thay vì Bike.",keep_with_reason,v1.0.0,"Model nhầm Bike thành Pedestrian."
r3_diag,B1-center,adasind_006840.jpg,M6,M_only,WRONG_CLASS,E4_model_domain,P1,ai_team,R03,"M6 Pedestrian tại x=252.8..321.0,y=811.2..918.1 chồng lên vùng Bike L8/R3.",keep_with_reason,v1.0.0,"Model tiếp tục nhầm Bike thành Pedestrian."
r3_diag,B1-center,adasind_006840.jpg,M8,M_only,WRONG_CLASS,E4_model_domain,P1,ai_team,R04,"M8 Truck tại x=187.9..235.1,y=820.2..882.3 chồng lên vùng ThreeWheeler L9/R6.",keep_with_reason,v1.0.0,"Model nhận nhầm ThreeWheeler thành Truck."
r3_diag,B1-center,adasind_006840.jpg,M9,M_only,WRONG_CLASS,E4_model_domain,P1,ai_team,R03,"M9 Pedestrian tại x=253.9..304.6,y=810.0..930.8 chồng lên vùng Bike L8/R3.",keep_with_reason,v1.0.0,"Model sai class trên vùng Bike."
r3_diag,B1-center,adasind_006840.jpg,M10,M_only,WRONG_CLASS,E4_model_domain,P1,ai_team,R04,"M10 Car tại x=187.9..235.5,y=820.2..882.7 chồng lên vùng ThreeWheeler L9/R6.",keep_with_reason,v1.0.0,"Model nhận nhầm ThreeWheeler thành Car."
r3_diag,B1-center,adasind_006840.jpg,M12,M_only,SPURIOUS,E4_model_domain,P1,ai_team,R04,"M12 Bus tại x=300.2..365.8,y=817.6..881.5 chồng lên vùng L2/R4 đang mô tả cùng phương tiện.",keep_with_reason,v1.0.0,"Model sinh class Bus ở vùng phương tiện đã được L/R gán Car/ThreeWheeler."
r3_diag,B1-center,adasind_006840.jpg,M13,M_only,WRONG_CLASS,E4_model_domain,P1,ai_team,R04,"M13 Car tại x=365.0..570.3,y=796.6..1023.1 chồng lên vùng ThreeWheeler L4/R1.",keep_with_reason,v1.0.0,"Model nhận nhầm ThreeWheeler thành Car."
r3_diag,B1-center,adasind_036720.jpg,L1+R4,LR_noM,MISSING,E4_model_domain,P1,ai_team,R01,"L1 Bike và R4 Bike cùng xác nhận một object ở vùng edge nhưng model không có box tương ứng.",keep_with_reason,v1.0.0,"Ca bỏ sót xuất hiện ở edge; không tự quy kết riêng cho distortion nếu chưa có thêm bằng chứng."
r3_diag,B1-center,adasind_036720.jpg,L3+R3,LR_noM,MISSING,E4_model_domain,P1,ai_team,R01,"L3 ThreeWheeler và R3 ThreeWheeler cùng xác nhận object nhưng model không có box.",keep_with_reason,v1.0.0,"Model bỏ sót thêm một ThreeWheeler trong cùng frame."
r3_diag,B1-center,adasind_036720.jpg,L4+R1,LR_noM,MISSING,E4_model_domain,P1,ai_team,R01,"L4 ThreeWheeler và R1 ThreeWheeler cùng xác nhận object lớn ở vùng mid nhưng model không phát hiện.",keep_with_reason,v1.0.0,"Ca bỏ sót ở mid bổ sung cho các ca center/edge."
r3_diag,B1-center,adasind_036720.jpg,M1,M_only,SPURIOUS,E4_model_domain,P1,ai_team,R03,"M1 Pedestrian chồng lên Bike L1/R4; model nhận cùng vùng nhưng sai class.",keep_with_reason,v1.0.0,"Sai class trên Bike."
r3_diag,B1-center,adasind_036720.jpg,M2,M_only,DUPLICATE,E4_model_domain,P1,ai_team,R03,"M2 Bike nằm trong vùng Bike L1/R4 và có dạng box phụ thay vì một object độc lập rõ ràng.",keep_with_reason,v1.0.0,"Có dấu hiệu tạo box phụ trong cùng vùng object."
r3_diag,B1-center,adasind_036720.jpg,M4,M_only,WRONG_CLASS,E4_model_domain,P1,ai_team,R04,"M4 Car chồng lên ThreeWheeler L3/R3.",keep_with_reason,v1.0.0,"Model nhận nhầm ThreeWheeler thành Car."
r3_diag,B1-center,adasind_036720.jpg,M6,M_only,DUPLICATE,E4_model_domain,P1,ai_team,R03,"M6 Bike chồng lên Bike L1/R4 và không tạo thành object độc lập rõ ràng.",keep_with_reason,v1.0.0,"Có dấu hiệu model phân mảnh cùng một Bike."
r3_diag,B1-center,adasind_056040.jpg,L4+R5,LR_noM,MISSING,E4_model_domain,P1,ai_team,R01,"L4 ThreeWheeler và R5 ThreeWheeler cùng xác nhận object lớn phía phải nhưng model không có box.",keep_with_reason,v1.0.0,"Model bỏ sót object lớn."
r3_diag,B1-center,adasind_056040.jpg,L8+R4,LR_noM,MISSING,E4_model_domain,P1,ai_team,R01,"L8 ThreeWheeler và R4 ThreeWheeler cùng xác nhận object nhưng model không có box tương ứng.",keep_with_reason,v1.0.0,"Lỗi bỏ sót ThreeWheeler lặp lại trong frame."
r3_diag,B1-center,adasind_056040.jpg,L3+R2,LR_noM,MISSING,E4_model_domain,P1,ai_team,R01,"L3 Bike và R2 Bike cùng xác nhận object ở edge nhưng model không có box tương ứng.",keep_with_reason,v1.0.0,"Ca bỏ sót ở edge phù hợp với nhóm model lỗi rìa nhưng chưa đủ để kết luận nguyên nhân riêng."
r3_diag,B1-center,adasind_056040.jpg,L7+M4,LM_noR,SPURIOUS,E0_reference_defect,P1,data_ops,R01,"L7 Pedestrian và M4 Pedestrian xuất hiện ở cùng vùng mid; model và annotation L cùng thấy object nhưng reference không có box.",escalate,v1.0.0,"LM_noR là nghi ngờ reference thiếu; cần xác minh trên ảnh."
r3_diag,B1-center,adasind_056040.jpg,M2,M_only,WRONG_CLASS,E4_model_domain,P1,ai_team,R03,"M2 Pedestrian chồng lên Bike L3/R2 ở vùng edge.",keep_with_reason,v1.0.0,"Model nhầm Bike thành Pedestrian ở edge."
r3_diag,B1-center,adasind_056040.jpg,M3,M_only,SPURIOUS,E4_model_domain,P1,ai_team,R03,"M3 Bike nằm trong vùng Bike L3/R2 và có dạng box phụ.",keep_with_reason,v1.0.0,"Box model chồng lên cùng Bike."
r3_diag,B1-center,adasind_056040.jpg,M5,M_only,WRONG_CLASS,E4_model_domain,P1,ai_team,R04,"M5 Truck chồng lên ThreeWheeler L8/R4.",keep_with_reason,v1.0.0,"Model nhận nhầm ThreeWheeler thành Truck."
r3_diag,B1-center,adasind_056040.jpg,M9,M_only,DUPLICATE,E4_model_domain,P1,ai_team,R03,"M9 Bike chồng lên Bike L5/R6 trong cùng vùng và không tạo thành object độc lập rõ ràng.",keep_with_reason,v1.0.0,"Box model là phát hiện phụ trong cùng vùng Bike."
r3_diag,B1-center,adasind_056040.jpg,M11,M_only,WRONG_CLASS,E4_model_domain,P1,ai_team,R04,"M11 Pedestrian chồng lên Bike L5/R6.",keep_with_reason,v1.0.0,"Model nhầm Bike thành Pedestrian."